id;post_content;is_public;pinned_post;like_count;created_date;last_modified_date;created_by;last_modified_by;deleted_date;creator_id
1;../fake-data/blob/hipster.txt;false;true;9769;2025-12-15T14:35:34;2025-12-16T01:12:04;crossly quickly hence;deceivingly;2025-12-16T01:46:23;1
2;../fake-data/blob/hipster.txt;false;true;10116;2025-12-15T13:02:43;2025-12-16T02:49:05;torn charter;duster with;2025-12-15T22:04:55;2
3;../fake-data/blob/hipster.txt;true;true;26609;2025-12-15T08:12:10;2025-12-15T07:25:54;obesity foolishly why;meanwhile ha typewriter;2025-12-15T12:30:23;3
4;../fake-data/blob/hipster.txt;false;true;31776;2025-12-16T06:42:37;2025-12-15T16:15:16;taxicab likewise;ew indeed upright;2025-12-15T22:48:57;4
5;../fake-data/blob/hipster.txt;false;true;1630;2025-12-16T03:54:27;2025-12-16T02:02:25;snoopy whoever inside;shyly airman;2025-12-15T13:54:11;5
6;../fake-data/blob/hipster.txt;true;true;20524;2025-12-15T22:55:14;2025-12-15T12:05:50;voluntarily;delight for;2025-12-15T17:22:22;6
7;../fake-data/blob/hipster.txt;true;false;10076;2025-12-15T11:25:10;2025-12-16T04:02:08;until;supposing;2025-12-15T22:01:27;7
8;../fake-data/blob/hipster.txt;true;false;3149;2025-12-15T23:01:50;2025-12-15T09:28:26;doodle er putrefy;instance cook;2025-12-15T17:32:08;8
9;../fake-data/blob/hipster.txt;true;true;16210;2025-12-15T18:46:09;2025-12-15T19:16:12;rectangular yet burdensome;whoa given punctually;2025-12-15T17:23:26;9
10;../fake-data/blob/hipster.txt;true;false;27730;2025-12-16T04:21:28;2025-12-15T22:16:12;quickly truly;down by;2025-12-15T22:05:33;10
