id;question;is_multi_choice;end_date;duration;created_date;last_modified_date;created_by;last_modified_by;deleted_date;post_id
1;../fake-data/blob/hipster.txt;false;2025-12-15;22955;2025-12-15T23:50:49;2025-12-15T17:35:16;cleverly acidly;aside downright;2025-12-16T04:05:38;1
2;../fake-data/blob/hipster.txt;true;2025-12-15;16357;2025-12-15T23:57:47;2025-12-16T01:08:10;flu drat;modulo eventually antique;2025-12-15T11:24:58;2
3;../fake-data/blob/hipster.txt;false;2025-12-16;26104;2025-12-16T00:22:25;2025-12-15T10:42:02;daintily;rewrite toward;2025-12-15T22:28:13;3
4;../fake-data/blob/hipster.txt;false;2025-12-15;9914;2025-12-16T00:04:28;2025-12-15T12:19:04;last trouser sturdy;yum where ack;2025-12-15T10:46:32;4
5;../fake-data/blob/hipster.txt;false;2025-12-15;21864;2025-12-15T22:38:24;2025-12-15T17:36:14;bah nasalise;intend absentmindedly pendant;2025-12-15T10:10:09;5
6;../fake-data/blob/hipster.txt;true;2025-12-15;7265;2025-12-15T09:33:29;2025-12-15T16:21:57;next;viciously lightly quiet;2025-12-15T17:34:39;6
7;../fake-data/blob/hipster.txt;false;2025-12-15;11594;2025-12-16T01:46:58;2025-12-16T04:15:01;energetically huddle as;culture ah pink;2025-12-16T04:29:16;7
8;../fake-data/blob/hipster.txt;true;2025-12-15;30746;2025-12-15T08:22:24;2025-12-15T22:56:04;equally;because;2025-12-15T07:30:18;8
9;../fake-data/blob/hipster.txt;true;2025-12-15;31404;2025-12-15T16:10:51;2025-12-16T05:04:41;crest lifestyle;hourly cosset likewise;2025-12-15T14:41:52;9
10;../fake-data/blob/hipster.txt;true;2025-12-15;25222;2025-12-15T21:27:08;2025-12-15T17:09:41;hamburger;um eek grandpa;2025-12-15T22:34:32;10
