id;rating;created_date;last_modified_date;created_by;last_modified_by;deleted_date;content_package_id;payment_id;viewer_id;creator_id
1;30941.48;2025-12-16T00:32:45;2025-12-15T07:15:04;oof restfully happily;gadzooks unlike;2025-12-16T00:13:10;1;;;
2;11207.47;2025-12-16T03:16:40;2025-12-15T09:02:11;where straw;past;2025-12-15T18:00:35;2;;;
3;30441.19;2025-12-15T17:44:44;2025-12-15T20:55:20;fencing nectarine gah;following king gosh;2025-12-15T14:31:19;3;;;
4;16023.88;2025-12-15T11:44:08;2025-12-16T05:09:42;next unfurl;poorly provided;2025-12-15T07:10:54;4;;;
5;6255.14;2025-12-15T08:32:38;2025-12-15T19:46:54;thorough quit cone;um;2025-12-16T02:47:14;5;;;
6;610.96;2025-12-16T02:48:59;2025-12-15T22:27:35;enormously deeply qua;whereas pushy athwart;2025-12-15T09:30:51;6;;;
7;8135.73;2025-12-15T17:41:07;2025-12-15T11:03:26;cheerful;consequently courteous;2025-12-15T09:33:40;7;;;
8;83.17;2025-12-15T19:09:16;2025-12-16T02:54:08;but welcome;bashfully plastic poppy;2025-12-15T16:35:05;8;;;
9;8084.97;2025-12-15T07:31:33;2025-12-15T15:57:21;handy phew reluctantly;aw loyally;2025-12-16T05:59:42;9;;;
10;23038.5;2025-12-15T13:49:15;2025-12-15T20:45:05;handy aha;yahoo quirkily formamide;2025-12-15T14:57:04;10;;;
11;4.6;2025-12-15T09:06:00;2025-12-15T09:06:00;cmorales;cmorales;;11;11;12;11
